INSERT INTO `s_plugin_custom_products_template` VALUES (1,'Example','Beispiel Konfigurator','<p>Lorem ipsum dolor sit amet, consectetuer adipiscing elit. Aenean commodo ligula eget dolor. Aenean massa. Cum sociis natoque penatibus et magnis dis parturient montes, nascetur ridiculus mus. Donec quam felis, ultricies nec, pellentesque eu, pretium quis, sem. Nulla consequat massa quis enim.</p>',564,0,1,0,0);

INSERT INTO `s_plugin_custom_products_option` VALUES (19,1,'Textfeld','','SW_TEXTFIELD',1,'textfield',0,'','',0,NULL,NULL,NULL,3145728,NULL,NULL,1,NULL,0,0),(20,1,'Textbereich','','SW_TEXTAREA',0,'textarea',1,'','',0,NULL,NULL,NULL,3145728,NULL,NULL,1,NULL,0,0),(21,1,'Nummernfeld','','SW_NUMBER',1,'numberfield',2,'','',0,NULL,NULL,NULL,3145728,NULL,NULL,1,NULL,0,0),(22,1,'Drop-Down Feld','','SW_DROPDOWN',0,'select',3,'','',0,NULL,NULL,NULL,3145728,NULL,NULL,1,NULL,1,0),(23,1,'Mehrfachauswahl','','SW_MULTIPLE',0,'multiselect',4,'','',0,NULL,NULL,NULL,3145728,NULL,NULL,1,NULL,1,0),(24,1,'Checkbox','','SW_CHECK',0,'checkbox',5,'','',0,NULL,NULL,NULL,3145728,NULL,NULL,1,NULL,1,0),(25,1,'Einfachauswahl','','SW_SIMPLE',0,'radio',6,'','',0,NULL,NULL,NULL,3145728,NULL,NULL,1,NULL,1,0),(26,1,'Farbauswahl','','SW_COLOR_SEL',0,'colorselect',7,'','',0,NULL,NULL,NULL,3145728,NULL,NULL,1,NULL,1,0),(27,1,'Bildauswahl','','SW_IMG_SEL',0,'imageselect',8,'','',0,NULL,NULL,NULL,3145728,NULL,NULL,1,NULL,1,0),(28,1,'Datei-Upload','','SW_FILE_UPLOAD',0,'fileupload',9,'','',0,NULL,NULL,NULL,3145728,NULL,NULL,1,NULL,1,0),(29,1,'Bild-Upload','','SW_IMG_UPL',0,'imageupload',10,'','',0,NULL,NULL,NULL,3145728,NULL,NULL,1,NULL,1,0),(30,1,'Datumsfeld','','SW_DATE',0,'date',11,'','',0,NULL,NULL,NULL,3145728,NULL,NULL,1,NULL,0,0),(31,1,'Zeitfeld','','SW_TIME',0,'time',12,'','',0,NULL,NULL,NULL,3145728,NULL,NULL,1,NULL,0,0),(32,1,'HTML Editor','','SW_HTML',0,'wysiwyg',13,'','',0,NULL,NULL,NULL,3145728,NULL,NULL,1,NULL,0,0);

INSERT INTO `s_plugin_custom_products_value` VALUES (28,22,'Dropdown 1','Dropdown1','',0,0,0,NULL,NULL),(29,22,'Dropdown 2','Dropdown2','',0,1,0,NULL,NULL),(30,22,'Dropdown 3','Dropdown3','',0,2,0,NULL,NULL),(31,22,'Dropdown 4','Dropdown4','',0,3,0,NULL,NULL),(32,22,'Dropdown 5','Dropdown5','',0,4,0,NULL,NULL),(33,23,'Mehrfachauswahl 1','Mehrfachauswahl1','',0,0,0,NULL,NULL),(34,23,'Mehrfachauswahl 2','Mehrfachauswahl2','',0,1,0,NULL,NULL),(35,23,'Mehrfachauswahl 3','Mehrfachauswahl3','',0,2,0,NULL,NULL),(36,23,'Mehrfachauswahl 4','Mehrfachauswahl4','',0,3,0,NULL,NULL),(37,24,'Checkbox 1','Checkbox1','',0,0,0,NULL,NULL),(38,24,'Checkbox 2','Checkbox2','',0,1,0,NULL,NULL),(39,24,'Checkbox 3','Checkbox3','',0,2,0,NULL,NULL),(40,24,'Checkbox 4','Checkbox4','',0,3,0,NULL,NULL),(41,25,'Einfachauswahl 1','Einfachauswahl1','',0,0,0,NULL,NULL),(42,25,'Einfachauswahl 2','Einfachauswahl2','',0,1,0,NULL,NULL),(43,25,'Einfachauswahl 3','Einfachauswahl3','',0,2,0,NULL,NULL),(44,26,'Farbauswahl 1','Farbauswahl1','#CE001B',0,0,0,NULL,NULL),(45,26,'Farbauswahl 2','Farbauswahl2','#000CF7',0,1,0,NULL,NULL),(46,26,'Farbauswahl 3','Farbauswahl3','#EDFF1F',0,2,0,NULL,NULL),(47,27,'Bildauswahl 1','Bildauswahl1','http://localhost/customp/media/image/93/43/d0/Fahrerbrille-Chronos-Ansicht-von-Vorne_720x600503f76e09ac73.jpg',0,0,0,723,NULL),(48,27,'Bildauswahl 2','Bildauswahl2','http://localhost/customp/media/image/36/b6/76/Eisform-gruen_720x600.jpg',0,1,0,700,NULL),(49,27,'Bildauswahl 3','Bildauswahl3','http://localhost/customp/media/image/e7/5b/91/Stoffherz-kariert.jpg',0,2,0,632,NULL);

INSERT INTO `s_plugin_custom_products_price` (id, option_id, value_id, surcharge, tax_id, customer_group_name, customer_group_id)
  VALUES (46,19,NULL,0,1,'Shopkunden',1),(47,20,NULL,0,1,'Shopkunden',1),(48,21,NULL,0,1,'Shopkunden',1),(49,NULL,28,0,1,'Shopkunden',1),(50,NULL,29,0,1,'Shopkunden',1),(51,NULL,30,0,1,'Shopkunden',1),(52,NULL,31,0,1,'Shopkunden',1),(53,NULL,32,0,1,'Shopkunden',1),(54,22,NULL,0,1,'Shopkunden',1),(55,NULL,33,0,1,'Shopkunden',1),(56,NULL,34,0,1,'Shopkunden',1),(57,NULL,35,0,1,'Shopkunden',1),(58,NULL,36,0,1,'Shopkunden',1),(59,23,NULL,0,1,'Shopkunden',1),(60,NULL,37,0,1,'Shopkunden',1),(61,NULL,38,0,1,'Shopkunden',1),(62,NULL,39,0,1,'Shopkunden',1),(63,NULL,40,0,1,'Shopkunden',1),(64,24,NULL,0,1,'Shopkunden',1),(65,NULL,41,0,1,'Shopkunden',1),(66,NULL,42,0,1,'Shopkunden',1),(67,NULL,43,0,1,'Shopkunden',1),(68,25,NULL,0,1,'Shopkunden',1),(69,NULL,44,0,1,'Shopkunden',1),(70,NULL,45,0,1,'Shopkunden',1),(71,NULL,46,0,1,'Shopkunden',1),(72,26,NULL,0,1,'Shopkunden',1),(73,NULL,47,0,1,'Shopkunden',1),(74,NULL,48,0,1,'Shopkunden',1),(75,NULL,49,0,1,'Shopkunden',1),(76,27,NULL,0,1,'Shopkunden',1),(77,28,NULL,0,1,'Shopkunden',1),(78,29,NULL,0,1,'Shopkunden',1),(79,30,NULL,0,1,'Shopkunden',1),(80,31,NULL,0,1,'Shopkunden',1),(81,32,NULL,0,1,'Shopkunden',1);

INSERT INTO `s_plugin_custom_products_template_product_relation` VALUES (1,178);